Start,End,Phenomena,Location,Causes,Reports
Janeiro (a partir do dia 17),Janeiro/2020,"Anomalias positivas de precipitação tiveram destaque, pois causaram alagamentos,  mortes, milhares de pessoas desabrigadas, impacto de milhões de reais na agropecuária, etc",Espírito Santo e Minas Gerais,"Frente Fria
ZCAS
Ciclone Subtropical Kurumi","INMET: http://www.inmet.gov.br/portal/index.php?r=noticia/visualizarNoticia&id=244
INCAPER: https://incaper.es.gov.br/Not%C3%ADcia/chuva-prejuizo-estimado-supera-r-88-milhoes-na-agropecuaria-capixaba
NOTICIAS: https://g1.globo.com/es/espirito-santo/noticia/2019/11/20/chuva-no-es-ja-deixa-mais-de-1600-pessoas-fora-de-casa-em-seis-cidades.ghtml"
19/01/2020,21/01/2020,Tempestade Gloria,Espanha,,https://www.tempo.com/noticias/actualidade/tempestade-gloria-deixa-mortos-e-rastro-de-destruicao-na-espanha.html
1/1/2020,Janeiro/2020,Grandes inundações Indonésia,Indonésia,Forte convergencia de ventos,https://www.tempo.com/noticias/actualidade/pior-inundacao-em-decadas-deixa-dezenas-de-mortos-na-indonesia.html
9/2/2020,10/2/2020,Chuvas fortes e alagamentos,São Paulo,Frente fria + cavado em médios níveis,"https://www.climatempo.com.br/noticia/2020/02/10/rios-e-corregos-transbordam-em-sao-paulo-com-chuva-volumosan-1798
https://www.climatempo.com.br/noticia/2020/02/10/chuva-de-fevereiro-em-sao-paulo-supera-a-media-apos-temporal-1804
https://www.cgesp.org/v3/noticias.jsp
http://www.inmet.gov.br/portal/index.php?r=home/page&page=notas_tecnicas"
1/2/2020,29/02/2020,Mês de fevereiro foi o mais chuvoso em 77 anos. Temperaturas máximas são as menores desde 2004.,São Paulo (estação meteorológica convencional do Mirante de Santana),???,"https://drive.google.com/file/d/1dONw6Rf73VWKcp3ZkBqvrru5X-WJCK6V/view?usp=sharing
http://www.inmet.gov.br/portal/index.php?r=noticia/visualizarNoticia&id=254
http://www.inmet.gov.br/portal/index.php?r=home/page&page=notas_tecnicas"
1/1/2020,25/02/2020,Diminuição de plumas de poluição (NO2),China,"Por conta do coronavirus, houve uma diminuição no fluxo econômico no país (diminuição de atividades em indústrias, carros, etc.)",https://www.carbonbrief.org/analysis-coronavirus-has-temporarily-reduced-chinas-co2-emissions-by-a-quarter; https://www.scmp.com/economy/china-economy/article/3050527/chinas-capital-shrouded-air-pollution-despite-reduced; https://earthobservatory.nasa.gov/images/146362/airborne-nitrogen-dioxide-plummets-over-china?src=nha
22/02/2020,23/02/2020,Friagem atípica,Acre,Massa de ar frio que atuou durante o Carnaval,https://www.climatempo.com.br/noticia/2020/02/23/acre-sentiu-friagem-atipica-no-fim-de-semana-2051
1/2/2020,29/02/2020,Segundo fevereiro mais quente da história,Global,,https://blogs.scientificamerican.com/eye-of-the-storm/february-2020-earths-2nd-warmest-february-and-3rd-warmest-month-on-record/
6/2/2020,6/2/2020,Antartica registra novo recorde de temperatura:18.3°C,Antártica,Efeito Foehn e alta pressão sobre a peninsula,https://weather.com/en-IN/india/news/news/2020-02-10-antarctica-records-highest-temperature-ever-first-week-february
9/2/2020,9/2/2020,Antartica registra novo recorde de temperatura:20.75°C,Antártica,Efeito Foehn e alta pressão sobre a peninsula,https://www.bbc.com/news/world-51500692
5/2/2020,13/02/2020,Rápido derretimento de neve na ilha Eagle,Antártica,Efeito Foehn e alta pressão sobre a peninsula,https://earthobservatory.nasa.gov/images/146322/antarctica-melts-under-its-hottest-days-on-record
Final janeiro,Todo mes fevereiro,Infestação gafanhotos,Leste África,Chuvas associadas ao Dipolo do Oceano Indico,https://www.tempo.com/noticias/actualidade/leste-da-africa-enfrenta-a-pior-infestacao-de-gafanhotos-em-decadas.html
28/02,29/02,Tempestade Jorge,Noroeste Europa,Jatos de Altos Níveis bem intensos (forte AO positivo),"https://www.bbc.com/news/uk-51686979
https://www.tempo.com/noticias/actualidade/tempestade-jorge-ventos-fortes-tombam-caminhao-na-irlanda.html"
2/9/20,2-Oct,Tempestade Ciara,Noroeste Europa,Jatos de Altos Níveis bem intensos (forte AO positivo),https://www.tempo.com/noticias/actualidade/tempestade-ciara-gera-caos-e-mortes-na-europa.html
15/02/2020,17/02/2020,Tempestade Dennis,Noroeste Europa,Jatos de Altos Níveis bem intensos (forte AO positivo),"https://www.tempo.com/noticias/actualidade/os-impressionantes-dados-e-imagens-deixadas-pela-tempestade-dennis.html
https://www.tempo.com/noticias/actualidade/por-que-o-atlantico-norte-esta-produzindo-tempestades-tao-intensas.html"
22/02/2020,24/02/2020,Frio Carnaval,Brasil,Amplo cavado em altos níveis,https://www.tempo.com/noticias/actualidade/carnaval-frio-de-inverno-e-geadas-em-partes-do-brasil.html
22/02/2020,23/02/2020,Ressaca litoral de São Paulo assusta banhistas,Litoral norte SP,Efeito combinado de maré astronômica e meteorológica,https://www.tempo.com/noticias/actualidade/ressacas-no-litoral-sul-e-sudeste-do-brasil.html
3-Apr,3-Aug,Queimadas,"Pantanal Matogrossense, principalmente municípios de Corumbá e Poconé (MS)",Chuvas esparsas fizeram com que pântanos secassem,https://earthobservatory.nasa.gov/images/146409/fire-in-the-pantanal?src=nha
2/3/2020,3/2/2020,45 mortos devido a deslizamentos de terra,Baixada Santista,Ciclogenese na costa do RJ,"https://www.tempo.com/noticias/actualidade/chuva-intensa-mortes-desaparecimentos-baixada-santista.html
https://noticias.uol.com.br/cotidiano/ultimas-noticias/2020/03/18/baixada-santista-mortos-encontrados.htm"
1/3/2020,até o momento,Fortes chuvas norte do Nordeste,"Maranhão, Piaui, Ceará ",ZCIT,"https://www.tempo.com/noticias/actualidade/chuvas-torrenciais-alertas-cptec-inpe-nordeste.html
https://g1.globo.com/ma/maranhao/noticia/2020/03/16/fortes-chuvas-causam-estragos-em-cidades-do-maranhao.ghtml
https://g1.globo.com/ma/maranhao/noticia/2020/03/16/em-duas-semanas-ja-choveu-mais-que-o-dobro-do-esperado-para-marco-inteiro-em-imperatriz.ghtml
https://www.climatempo.com.br/noticia/2020/03/10/em-10-dias-sao-luis-acumulou-70-da-chuva-de-marco-2291
https://g1.globo.com/ce/ceara/noticia/2020/03/15/maior-chuva-do-ano-provoca-alagamentos-em-vias-e-residencias-de-fortaleza.ghtml"
9/3/2020,12/3/2020,Cheia Rio São Francisco,Bahia e Minas Gerais,ZCAS (01 a 08/03/2020),https://agenciasertao.com/2020/03/12/rio-sao-francisco-termina-com-cheia-sua-decada-mais-seca/
6/3/2020,11/3/2020,Muita chuva em Belém,Pará,ZCIT,"https://www.climatempo.com.br/noticia/2020/03/07/zcit-provoca-muita-chuva-em-belem-2250
https://g1.globo.com/pa/para/noticia/2020/03/11/congestionamento-e-alagamentos-marcam-mais-um-dia-de-forte-chuva-e-mare-alta-em-belem.ghtml"
13/03/2020,15/03/2020,Onda de calor no Sul- termometros chegaram a 43°C,Rio Grande do Sul,alta pressão,"https://odiario.net/destaque/termometros-de-dois-irmaos-registram-43c-na-tarde-desse-sabado/
https://gauchazh.clicrbs.com.br/ambiente/noticia/2020/03/inmet-alerta-para-onda-de-calor-no-rs-termometros-podem-chegar-a-41degc-no-final-de-semana-ck7nibib703el01pq6ztzjj4i.html"
Fevereiro,até o momento,Estiagem Sul,Sul do Brasil,"Sistemas frontais atuando e ""estacionando"" mais a norte","https://odiario.net/noticias/outono-nao-diminuira-estragos-causados-pela-estiagem-na-regiao/
https://www.nsctotal.com.br/colunistas/puchalski/chuva-abaixo-do-padrao-em-marco-em-santa-catarina
https://www.jornaldocomercio.com/_conteudo/economia/2020/03/727591-estiagem-ja-casou-perdas-diretas-de-mais-de-r-5-bilhoes-no-milho-e-na-soja.html"
Todo mes de março,,2° mes de março mais quente da história,Global,,https://blogs.scientificamerican.com/eye-of-the-storm/march-2020-earths-second-warmest-march-and-third-warmest-month-on-record/
Todo mes de março,,Balanço de chuvas capitais Brasil,Brasil,,https://www.climatempo.com.br/noticia/2020/03/31/alguns-numeros-da-chuva-de-marco-de-2020-no-brasil-2579
Todo mes de março,,Chuvas volumosas no Nordeste,Pernambuco,ZCIT e Atlantico tropical sul aquecido,https://g1.globo.com/economia/agronegocios/globo-rural/noticia/2020/04/05/chuvas-animam-produtores-do-sertao-de-pernambuco.ghtml
Todo mes de março,,Chuvas volumosas no Nordeste,Pernambuco,ZCIT e Atlantico tropical sul aquecido,https://g1.globo.com/al/alagoas/noticia/2020/04/04/alerta-de-rompimento-de-barragem-em-pe-e-enchente-em-al-e-mantido.ghtml
Todo mes de março,,Chuvas volumosas no Nordeste,Ceará,ZCIT e Atlantico tropical sul aquecido,https://www.opovo.com.br/noticias/ceara/2020/04/01/chuvas-de-marco-no-ceara-superam-em-38-2--a-media-para-o-mes.html
Todo mes de março,,Chuvas volumosas no Nordeste,Tocantins,ZCIT e Atlantico tropical sul aquecido,https://afnoticias.com.br/cidades/cidade-do-tocantins-sofre-com-a-maior-enchente-ja-registrada-nos-ultimos-40-anos-veja-video
Todo mes de março,,Chuvas volumosas no Nordeste,Maranhão,ZCIT e Atlantico tropical sul aquecido,https://g1.globo.com/ma/maranhao/noticia/2020/03/16/fortes-chuvas-causam-estragos-em-cidades-do-maranhao.ghtml
7/4/2020,8/4/2020,Massa de ar frio,,Frente fria e alta pós frontal,https://www.climatempo.com.br/noticia/2020/04/08/frio-de-quase-4dc-abaixo-de-zero-no-sul-do-brasil-2772
8/4/2020,9/4/2020,Massa de ar frio,"Sul, Sudeste e Centro-Oeste",Frente fria e alta pós frontal,https://www.climatempo.com.br/noticia/2020/04/09/recorde-de-frio-em-sao-paulo-campo-grande-e-florianopolis-2803
7/4/2020,8/4/2020,Massa de ar frio,Sul,Frente fria e alta pós frontal,https://www.climatempo.com.br/noticia/2020/04/08/recorde-de-frio-em-porto-alegre-e-em-florianopolis-2769
Desde inicio do ano,em continuidade,Estiagem Sul,Santa Catarina,"Frentes frias não ""estacionam"" na região; persistencia alta pressão",https://g1.globo.com/sc/santa-catarina/noticia/2020/04/20/estiagem-deixa-mais-municipios-de-sc-em-situacao-critica-de-abastecimento.ghtml
Desde inicio do ano,em continuidade,Estiagem Sul,Paraná,"Frentes frias não ""estacionam"" na região; persistencia alta pressão",https://www.folhadelondrina.com.br/geral/parana-vive-maior-crise-hidrica-dos-ultimos-20-anos-2991089e.html
21/04/2020,21/04/2020,Chuvas volumosas NE,Maranhão,ZCIT; anomalias positivas TSM Atl. tropical,https://g1.globo.com/ma/maranhao/noticia/2020/04/21/em-apenas-tres-horas-sao-luis-teve-76percent-da-chuva-prevista-para-o-mes-de-abril.ghtml
20/04/2020,21/04/2020,Chuvas volumosas NE,Salvador,Cavado invertido na costa (pela carta sinótica do CPTEC),https://g1.globo.com/ba/bahia/noticia/2020/04/21/salvador-teve-em-24h-mais-de-um-terco-da-chuva-esperada-para-todo-o-mes-de-abril-diz-diretor-da-defesa-civil.ghtml
Março,Final de abril,Raro buraco na camada de ozonio se fecha em abril,Artico,(explicação link da NASA),"https://edition.cnn.com/2020/04/27/world/ozone-hole-arctic-scn-trnd/index.html
https://www.nasa.gov/feature/goddard/2020/nasa-reports-arctic-stratospheric-ozone-depletion-hit-record-low-in-march"
Inicio mes,Final mes,Abril seco em SP,São Paulo,,https://g1.globo.com/sp/sao-paulo/noticia/2020/04/30/cidade-de-sao-paulo-registra-abril-mais-seco-dos-ultimos-4-anos.ghtml
Inicio mes,Final mes,Chuvas volumosas NE,Maranhão,ZCIT; anomalias positivas TSM Atl. tropical,https://g1.globo.com/ma/maranhao/noticia/2020/04/29/choveu-cerca-de-15percent-a-mais-que-o-previsto-para-o-mes-de-abril-em-sao-luis.ghtml
Inicio mes,Final mes,Chuvas volumosas NE,Salvador,,"http://atarde.uol.com.br/bahia/salvador/noticias/2126268-salvador-tem-regioes-com-o-dobro-de-acumulados-de-chuva-previstos-para-abril
https://www.climatempo.com.br/noticia/2020/04/24/salvador-tem-um-dos-meses-de-abril-mais-chuvosos-em-20-anos-3142"
26/04/2020,27/04/2020,Chuvas volumosas NE,Caruaru-Pernambuco,Cavado invertido na costa (pela carta sinótica do CPTEC),https://g1.globo.com/pe/caruaru-regiao/noticia/2020/04/27/apos-chuvas-prefeitura-de-caruaru-decreta-situacao-de-emergencia.ghtml
Janeiro,Abril,Chuvas volumosas NE,Ceará,ZCIT; anomalias positivas TSM Atl. tropical,https://diariodonordeste.verdesmares.com.br/editorias/regiao/em-4-meses-chove-quase-todo-o-volume-esperado-para-2020-no-ceara-1.2240201
2/4/2020,6/4/2020,Ciclone Tropical Harold,Ilhas Vanuatu,,https://www.tempo.com/noticias/actualidade/ciclone-tropical-harold-causa-destruicao-em-ilhas-do-pacifico-sul.html
13/05/2020,21/05/2020,Furacão,Baía de Bengala - atingindo Bangladesh e o leste da Índia,Furacão Amphan,https://www.bbc.com/news/world-asia-india-52749935 ;https://earthobservatory.nasa.gov/images/146749/amphan-batters-india-bangladesh?src=nha
2012,"01/04/2020
Reportado em 19/05/2020",Fim ou quase fim da seca,Nordeste,"Marengo et al. (2018): The drought conditions that started to intensify in 2012 were linked to an anomalously warm Tropical North Atlantic Ocean that favored an anomalously northward position of the ITCZ and leaving less rainfall in NEB. The La  Nina event conditions in 2013 were not enough to offset the drought conditions established years before, and the El Nino in 2015 worsened drought conditions after that.","http://www.funceme.br/?p=7077

MARENGO, JOSÉ A. et al . Climatic characteristics of the 2010-2016 drought in the semiarid Northeast Brazil region. An. Acad. Bras. Ciênc.,  Rio de Janeiro ,  v. 90, n. 2, supl. 1, p. 1973-1985,  Aug.  2018 .   Available from <http://www.scielo.br/scielo.php?script=sci_arttext&pid=S0001-37652018000501973&lng=en&nrm=iso>. access on  12  June  2020.  Epub Aug 14, 2017.  https://doi.org/10.1590/0001-3765201720170206."
,Em andamento,Impacto na coleta de dados,Mundial,Pandemia COVID-19,https://public.wmo.int/en/media/press-release/covid-19-impacts-observing-system
"01/06/2020
Reportado em maio",30/11/2020,Previsão de estação de furacões (01/06 a 20/11/2020) acima da normal (60% de chances),Oceano Atlântico,"The combination of several climate factors is driving the strong likelihood for above-normal activity in the Atlantic this year. El Nino Southern Oscillation (ENSO) conditions are expected to either remain neutral or to trend toward La Nina, meaning there will not be an El Nino present to suppress hurricane activity. Also, warmer-than-average sea surface temperatures in the tropical Atlantic Ocean and Caribbean Sea, coupled with reduced vertical wind shear, weaker tropical Atlantic trade winds, and an enhanced west African monsoon all increase the likelihood for an above-normal Atlantic hurricane season. Similar conditions have been producing more active seasons since the current high-activity era began in 1995.",https://www.noaa.gov/media-release/busy-atlantic-hurricane-season-predicted-for-2020
Junho,"Setembro
Reportado em 19/05/2020",Previsão de chuvas acima da normal,Leste africano,Não explica o porquê,"https://public.wmo.int/en/media/news/wet-season-expected-across-eastern-africa
Ver também as chuvas acima da média no final de abril: https://public.wmo.int/en/media/news/more-heavy-rainfall-hits-east-africa-amid-locust-invasion"
Maio,Maio,Onda de calor,Globo/Ásia,Record de temperatura em maio,"https://www.noaa.gov/news/may-2020-tied-for-hottest-on-record-for-globe; https://www.ncdc.noaa.gov/sotc/service/global/extremes/202005.png; 
https://www.otempo.com.br/interessa/calorao-india-registra-temperatura-de-50-graus-1.2342483

"
Fim verão/início outono,Em andamento,Baixa vazão dos rios,Paraná,Estiagem no Sul,https://ricmais.com.br/noticias/seca-parana-vazoes-rio-iguacu-uniao-da-vitoria-mais-baixas/
27/05/2020,27/05/2020,Lançamento da SpaceX adiado,Flórida,Tempestade Bertha e tempestades locais,https://www.nbcnews.com/science/space/spacex-launch-today-countdown-begins-stormy-weather-looms-n1215401
22/05/2020,29/05/2020,Onda de frio,Centro-Sul,Passagem ciclone e massa de ar polar,https://www.climatempo.com.br/noticia/2020/05/27/fim-de-maio-muito-gelado-no-brasil-3768
20-Oct,Em andamento,Impactos na ciência e poluição do ar,Mundo,Pandemia COVID-19,https://public.wmo.int/en/media/news/wmo-informs-impact-of-covid-19-science
Início de 2020,Em andamento,Impacto na coleta de dados,Mundial,Pandemia COVID-19,https://public.wmo.int/en/media/press-release/covid-19-impacts-observing-system
01/06/2020 - Reportado em maio,30/11/2020,Previsão de estação de furacões (01/06 a 20/11/2020) acima da normal (60% de chances),Oceano Atlântico,"The combination of several climate factors is driving the strong likelihood for above-normal activity in the Atlantic this year. El Nino Southern Oscillation (ENSO) conditions are expected to either remain neutral or to trend toward La Nina, meaning there will not be an El Nino present to suppress hurricane activity. Also, warmer-than-average sea surface temperatures in the tropical Atlantic Ocean and Caribbean Sea, coupled with reduced vertical wind shear, weaker tropical Atlantic trade winds, and an enhanced west African monsoon all increase the likelihood for an above-normal Atlantic hurricane season. Similar conditions have been producing more active seasons since the current high-activity era began in 1995.",https://www.noaa.gov/media-release/busy-atlantic-hurricane-season-predicted-for-2020
Junho - Reportado em 19/05/2020,Setembro,Previsão de chuvas acima da normal,Leste africano,Não explica o porquê,"https://public.wmo.int/en/media/news/wet-season-expected-across-eastern-africa
Ver também as chuvas acima da média no final de abril: https://public.wmo.int/en/media/news/more-heavy-rainfall-hits-east-africa-amid-locust-invasion"
23/06,,Nuvem de gafanhos,"Paraguai, Argentina e Uruguai, com possibilidade de chegar ao RS e SC",Tempo seco e quente,"https://g1.globo.com/rs/rio-grande-do-sul/noticia/2020/06/23/emater-orienta-produtores-da-fronteira-oeste-a-monitorar-chegada-de-nuvem-de-gafanhotos.ghtml
https://noticias.r7.com/internacional/nuvem-de-gafanhotos-na-argentina-deixa-fronteira-com-brasil-em-alerta-23062020
https://g1.globo.com/economia/agronegocios/noticia/2020/06/23/nuvem-de-gafanhotos-chega-a-argentina-e-se-aproxima-do-brasil.ghtml"
~20/06/2020,24/06/2020,Calor no RS na primeira semana do inverno (temperaturas ~30ºC em várias cidades),Rio Grande do Sul,Situação pré-frontal com vento norte,"https://www.correiodopovo.com.br/tempo/rs-ter%C3%A1-mais-um-dia-de-calor-em-pleno-inverno-1.347183
https://gauchazh.clicrbs.com.br/ambiente/noticia/2020/06/queda-brusca-de-temperatura-chuva-e-geada-tempo-vira-no-rs-ckbthpb18007b0162fhgv1dss.html"
"Ocorrido em 31 de outubro de 2018, porém anunciado oficilamente em 25/06/2020",,Anúncio oficial da WMO sobre os records mundiais de maior descarga elétrica (709 km) e mais duradouro (16.730 s),"Sul do Brasil, iniciando no nordeste da Argentina, até o oceano Atlântico",MCSs,"https://www.washingtonpost.com/weather/2020/06/25/lightning-megaflash-world-record/?itid=hp_hp-more-top-stories-2_cwg-lightning-1pm%3Ahomepage%2Fstory-ans
https://agupubs.onlinelibrary.wiley.com/doi/abs/10.1029/2020GL088888
https://jornal.usp.br/ciencias/sul-do-brasil-tem-recorde-mundial-de-extensao-de-um-raio-709-quilometros/"
14/06/2020,28/06/2020,"Nuvem de poeira do Sahara denominada ""Godzila""","Sahara, Oceano Atlantico Tropical, Norte da América do Sul, Caribe, sul e sudeste dos USA",,"https://www.bbc.com/news/world-latin-america-53177693
https://www.theguardian.com/world/2020/jun/23/godzilla-dust-cloud-from-sahara-blankets-caribbean-on-its-way-to-us
https://www.nbcphiladelphia.com/news/local/a-meteorologist-explains-whats-up-with-this-saharan-dust-cloud-coming-our-way/2446955/"
30/06/2020,3/7/2020,Ciclone bomba,Sul do Brasil e oceano Atlântico adjacente,,"https://www.climatempo.com.br/noticia/2020/07/02/onde-esta-o-ciclone-bomba-hoje--4470
https://catracalivre.com.br/mais/ciclone-bomba-mata-10-e-segue-com-ventos-de-130-km-h-no-sul/"
26/06/2020,27/06/2020,Chuvas Volumosas em SP,Capital e litoral SP,Frente fria,"https://g1.globo.com/sp/santos-regiao/noticia/2020/06/27/chuva-forte-causa-alagamentos-e-deslizamento-na-baixada-santista.ghtml
https://www.terra.com.br/noticias/climatempo/sao-paulo-chuva-de-7h-supera-a-media-para-junho,fb13a5986cf91cffb261bda0c8d3cd7afdahgjf9.html
https://www.climatempo.com.br/noticia/2020/06/27/chuva-em-sao-paulo-bate-recorde-para-24h-em-junho-4378"
1/6/2020,10/6/2020,Tempestade Tropical Cristobal,Golfo do México,Temporada furacões Atlantico Norte,https://www.theguardian.com/us-news/2020/jun/10/tropical-storm-cristobal-brings-heavy-rain-and-flooding-to-southern-us
Junho,,Onda de calor e recordes de temperatura,Sibéria,,https://www.tempo.com/noticias/actualidade/siberia-enfrenta-onda-de-calor-extrema-sem-precedentes.html
1/6/2020,4/6/2020,Ciclone Nisarga,India,,https://www.tempo.com/noticias/actualidade/ciclone-nisarga-atinge-costa-oeste-da-india.html
30/06/2020,3/7/2020,Ciclone bomba,Sul do Brasil e oceano Atlântico adjacente,,"https://www.climatempo.com.br/noticia/2020/07/02/onde-esta-o-ciclone-bomba-hoje--4470
https://catracalivre.com.br/mais/ciclone-bomba-mata-10-e-segue-com-ventos-de-130-km-h-no-sul/
https://portal.inmet.gov.br/noticias/ciclone-bomba-fortes-ventos-e-tempestades-associados-%C3%A0-forma%C3%A7%C3%A3o-do-ciclone-extratropical-e-ao-desenvolvimento-de-uma-ciclog%C3%AAnese-explosiva-ou-ciclone-bomba"
7/6/2020,8/6/2020,Deslizamentos e/ou alto risco de deslizamentos,"Vale Itajaí (lembrar do desastre em 2008 causado por deslizamentos devido a chuvas intensas), RS na Serra Gaúcha e diversas regiões",,"https://www.defesacivil.sc.gov.br/alertas-meteorologicos-nowcasting/
https://g1.globo.com/rs/rio-grande-do-sul/noticia/2020/07/07/bombeiros-fazem-busca-a-homem-desaparecido-apos-deslizamento-de-terra-em-caxias-do-sul.ghtml
https://www.correiodopovo.com.br/not%C3%ADcias/cidades/deslizamentos-provocam-bloqueios-de-rodovias-na-serra-ga%C3%BAcha-1.447091
http://pioneiro.clicrbs.com.br/rs/geral/noticia/2020/07/homem-morre-soterrado-em-deslizamento-de-encosta-em-caxias-do-sul-12530463.html
https://www.nsctotal.com.br/noticias/maior-preocupacao-e-quanto-a-chuva-diz-coordenador-da-defesa-civil-sobre-novo-ciclone-em"
7/6/2020,8/6/2020,Enchentes,"RS (diversas regiões de leste a oeste, norte a sul.",,"https://www.correiodopovo.com.br/not%C3%ADcias/geral/enchentes-deixam-mais-de-340-pessoas-fora-de-casa-no-rio-grande-do-sul-1.447096
https://noticias.uol.com.br/cotidiano/ultimas-noticias/2020/07/08/novo-ciclone-morte-rio-grande-do-sul-alagamento.htm"
14/07/2020,15/07/2020,Recordes de frio,RS,Alta pós frontal,https://gauchazh.clicrbs.com.br/ambiente/noticia/2020/07/pelo-menos-15-municipios-do-rs-amanhecem-abaixo-de-0degc-nesta-quarta-feira-veja-imagens-ckcn7ajtq000f0147bx098sx6.html
30/06/2020,1/7/2020,Recorde vento,SC,Linha de instabilidade associada ao ciclone bomba,https://www.climatempo.com.br/noticia/2020/07/06/santa-catarina-registra-vento-recorde-de-quase-170-km-h-4537
1/7/2020,10/7/2020,Inundações e deslizamentos de terra,Japão,??,https://weather.com/news/news/2020-07-10-japan-flooding-death-toll-rises-more-rain-expected
1/7/2020,11/7/2020,Inundações e deslizamentos de terra,China,??,https://www.theguardian.com/world/2020/jul/13/china-floods-wartime-measures-brought-in-to-tackle-worst-deluge-in-decades
Todo o mes,,Inundações e delizamentos,Coréia do Sul,Monções,https://www.aljazeera.com/news/2020/08/south-korea-floods-landslides-kill-dozens-displace-thousands-200809034627417.html
20/08/2020,20/08/2020,Tempestade com granizo,Rondonia,Frente Fria (19 a 22/08),https://g1.globo.com/ro/rondonia/noticia/2020/08/20/frente-fria-provoca-temporal-e-ate-chuva-com-granizo-em-rondonia.ghtml
21/08/2020,21/08/2020,Segunda menor temperatura,São Paulo,Frente Fria (19 a 22/08),https://g1.globo.com/sp/sao-paulo/noticia/2020/08/21/com-93c-sp-tem-segunda-menor-temperatura-para-uma-tarde-em-60-anos-no-mes-de-agosto.ghtml
20/08/2020,21/08/2020,Neve,Serra gaúcha,Frente Fria (19 a 22/08),http://pioneiro.clicrbs.com.br/rs/geral/noticia/2020/08/neve-foi-registrada-em-pelo-menos-sete-cidades-da-serra-12811072.html
21/08/2020,21/08/2020,Friagem,Acre,Frente Fria (19 a 22/08),https://noticias.uol.com.br/cotidiano/ultimas-noticias/2020/08/21/capital-do-acre-registra-tarde-mais-fria-do-que-bariloche-na-argentina.htm
21/08/2020,21/08/2020,Neve,Paraná,Frente Fria (19 a 22/08),https://www.bemparana.com.br/noticia/institutos-de-meteorologia-confirmam-que-neve-chegou-ao-parana#.X1FdZdxKjIV
22/08/2020,23/08/2020,Temperaturas baixas,Rio de Janeiro,Frente Fria (19 a 22/08),"https://noticias.uol.com.br/cotidiano/ultimas-noticias/2020/08/23/rio-de-janeiro-temperatura-minima-recorde.htm?utm_source=twitter&utm_medium=social-media&utm_content=geral&utm_campaign=noticias
https://extra.globo.com/noticias/rio/rio-tem-menor-temperatura-maxima-registrada-em-2020-agosto-o-mais-chuvoso-dos-ultimos-24-anos-24601623.html"
22/08/2020,22/08/2020,Temperaturas baixas,São Paulo,Frente Fria (19 a 22/08),https://g1.globo.com/sp/sao-paulo/noticia/2020/08/22/inmet-registra-a-temperatura-mais-baixa-do-ano-na-cidade-de-sp-neste-sabado-termometros-marcam-82oc.ghtml
21/08/2020,22/08/2020,Temperaturas negativas,Sul Brasil,Frente Fria (19 a 22/08),https://www1.folha.uol.com.br/cotidiano/2020/08/sul-do-brasil-volta-a-registrar-temperaturas-abaixo-de-zero.shtml
21/08/2020,21/08/2020,Neve,Curitiba,Frente Fria (19 a 22/08),https://www.tribunapr.com.br/noticias/curitiba-regiao/nevou-em-curitiba-meteorologia-confirma-neve-e-chuva-congelada-na-capital-do-parana/
desde inicio ano,ate agosto,Chuvas volumosas,Salvador,,https://www.correio24horas.com.br/noticia/nid/ano-de-chuva-salvador-registra-periodo-mais-chuvoso-em-36-anos/
,,Incendios e novo recorde de temperatura,Califórnia,Onda de calor,"https://metsul.com/inferno-na-california-centenas-de-incendios-milhares-de-raios-e-54c/
https://www.tempo.com/noticias/actualidade/intensos-incendios-na-california-ja-queimaram-450-000-hectares.html
https://www.tempo.com/noticias/actualidade/vale-da-morte-registra-um-novo-recorde-de-temperatura-global.html"
26/08/2020,27/08/2020,Tufão Bavi,Coréia do Norte,temporada tufões,https://www.tempo.com/noticias/actualidade/tufao-bavi-atinge-a-coreia-do-norte.html
27/08/2020,27/08/2020,Chuvas fortes e inundações,Afeganistão,Monções,https://www.tempo.com/noticias/actualidade/chuvas-torrenciais-causam-mais-de-duzentas-mortes-no-afeganistao.html
17/08/2020,17/08/2020,Recorde temp máxima,Japão,Onda de calor,https://www.tempo.com/noticias/actualidade/japao-registra-41c-empata-um-recorde-de-temperatura-anterior.html
13/08/2020,13/08/2020,Tempestade areia,interior SP,Ventos fortes,https://www.tempo.com/noticias/actualidade/tempestade-de-areia-no-interior-de-sao-paulo.html
14/08/2020,14/08/2020,Tornado,Santa Catarina,Frente fria/ciclogenese (?),https://www.tempo.com/noticias/actualidade/confirmado-o-registro-de-tornado-em-santa-catarina.html
20/08/2020,21/08/2020,Tempestade Ellen,Reino Unido,Ciclone extratropical,https://www.theguardian.com/uk-news/2020/aug/22/man-dies-in-cornwall-and-girl-passes-away-in-cardiff-as-storm-ellen-batters-uk
25/08/2020,26/08/2020,Tempestade Francis,Reino Unido,Ciclone extratropical,https://www.tempo.com/noticias/actualidade/tempestade-francis-atinge-o-reino-unido-e-irlanda.html
24/08/2020,27/08/2020,Dois sistemas tropicais atingiram eua um seguido do outro,Estados Unidos,temporada furacões muito ativa,https://www.tempo.com/noticias/actualidade/duas-tempestades-tropicais-estao-a-caminho-dos-estados-unidos.html
20/08/2020,29/08/2020,Furacão Laura,Estados Unidos e caribe,temporada furacões muito ativa,"https://public.wmo.int/en/media/news/hurricane-laura-hits-usa
https://www.bbc.com/news/world-us-canada-53959494
https://www.accuweather.com/en/hurricane/death-toll-from-laura-climbs-in-caribbean-to-at-least-23/799972"
,,Queimadas,Goias,Tempo seco/estiagem,https://g1.globo.com/go/goias/noticia/2020/09/01/ha-mais-de-100-dias-sem-chuva-goias-registra-em-agosto-o-maior-numero-de-queimadas-deste-ano.ghtml
,,Queimadas,Brasil,Tempo seco/estiagem,https://noticias.uol.com.br/meio-ambiente/ultimas-noticias/redacao/2020/09/01/agosto-atinge-recorde-de-focos-de-incendio-no-ano-ac-e-pantanal-preocupam.htm
,,Queimadas,Pantanal,Tempo seco/estiagem,https://g1.globo.com/natureza/noticia/2020/09/01/pantanal-tem-segundo-maior-numero-de-queimadas-para-agosto-desde-inicio-das-medicoes-focos-detectados-na-amazonia-superam-media-historica.ghtml
6/9/2020,7/9/2020,Recorde calor,Manaus,,https://g1.globo.com/am/amazonas/noticia/2020/09/12/manaus-registra-dias-mais-quentes-do-ano-ao-atingir-temperatura-de-37o-em-setembro.ghtml
12/9/2020,,Recorde calor,São Paulo e Rio de Janeiro,,https://metsul.com/sao-paulo-tem-dia-mais-quente-do-ano-rio-de-janeiro-do-inverno-com-40c/
10/9/2020,,Recorde calor,Cuiabá,,https://metsul.com/cuiaba-registra-maior-temperatura-da-sua-historia/
13/09/2020,,Recorde calor,Cuiabá,,https://g1.globo.com/mt/mato-grosso/noticia/2020/09/14/cuiaba-bate-recorde-de-calor-dos-ultimos-100-anos-e-registra-427oc-e-umidade-de-7percent-diz-inmet.ghtml
10/9/2020,,Recorde calor,Bauru,,https://g1.globo.com/sp/bauru-marilia/noticia/2020/09/10/com-372oc-bauru-registra-a-maior-temperatura-no-ano.ghtml
3/9/2020,,Recorde frio,Antartica,,https://metsul.com/base-polar-na-antartida-registra-recorde-de-frio/
11/9/2020,,Céu coberto de fumaça,Rio Grande do Sul,Queimadas Pantanal,https://www.sul21.com.br/ultimas-noticias/geral/2020/09/fumaca-das-queimadas-no-pantanal-cobre-o-ceu-do-rio-grande-do-sul-nesta-sexta-11/
18/09/2020,,Medicane,Grécia,,https://www.tempo.com/noticias/actualidade/ciclone-ianos-faz-landfall-na-grecia-fenomeno-raro-no-mediterraneo.html
16/09/2020,,Furacão Sally,Estados Unidos,,https://www.tempo.com/noticias/actualidade/furacao-sally-deixa-rastro-de-destruicao-na-florida-e-no-alabama.html
Todo mes,,Recorde calor,Cuiabá,,https://g1.globo.com/mt/mato-grosso/noticia/2020/09/30/em-setembro-de-calor-extremo-cuiaba-deve-bater-novo-recorde-e-chegar-a-43oc.ghtml
30/09/2020,,Recorde calor,Cuiabá,,https://g1.globo.com/mt/mato-grosso/noticia/2020/10/01/cuiaba-bate-recorde-de-calor-dos-ultimos-109-anos-e-chega-a-44c.ghtml
Todo mes,,Recorde incendios,Pantanal,,https://g1.globo.com/jornal-nacional/noticia/2020/10/01/pantanal-bate-recorde-de-focos-de-incendio-em-setembro.ghtml
30/09/2020,,Recorde calor,Mato Grosso do Sul,,https://g1.globo.com/ms/mato-grosso-do-sul/noticia/2020/10/01/ms-tem-calor-de-441c-e-cidades-do-interior-quebram-recorde-de-temperatura-do-estado-de-1962.ghtml
27/09/2020,,Recorde calor,Rio de janeiro,,https://www.climatempo.com.br/noticia/2020/09/27/novo-recorde-de-calor-na-cidade-do-rio-de-janeiro-5920
,,Recorde calor,Belo Horizonte,,"https://www.em.com.br/app/noticia/gerais/2020/09/28/interna_gerais,1189674/com-37-3-c-bh-tem-setembro-mais-quente-da-historia-confira-recordes.shtml"
,,Recorde calor,Varias capitais,,https://www.climatempo.com.br/noticia/2020/09/20/inverno-termina-com-recorde-de-calor-em-varias-capitais-5818
30/09/2020,,Recorde calor,Campo Grande,,https://g1.globo.com/ms/mato-grosso-do-sul/noticia/2020/09/30/com-408oc-campo-grande-atinge-marca-historica-de-calor-para-o-mes-de-setembro.ghtml
,,Recorde calor,São Paulo,,"https://www.terra.com.br/noticias/climatempo/sao-paulo-teve-o-setembro-mais-quente-desde-1943,9f8b1f07e9ab15ff46a878dd798dfb3dvd6t5tkt.html"
,,Fumaça,Paises América do Sul,Queimadas,https://g1.globo.com/natureza/noticia/2020/09/20/fumaca-das-queimadas-se-estende-por-mais-de-4-mil-quilometros-e-atinge-paises-vizinhos.ghtml
,,Incendios e calor,Califórnia,,https://metsul.com/a-california-arde-em-fogo-e-calor-sem-precedentes/
27/09/2020,,Incendios,INPE,,https://www.tempo.com/noticias/actualidade/incendio-atinge-a-sede-do-inpe-em-cachoeira-paulista.html
,,Temporada de furacões acima da média,Atlantico Norte,Aguas quentes atlantico e La Niña,"https://weather.com/storms/hurricane/news/2020-09-21-atlantic-hurricane-season-2020-records
https://www.usatoday.com/story/news/nation/2020/09/20/hurricane-season-2020-greek-alphabet-reminiscent-2005/5838748002/
https://www.cnn.com/2020/09/14/weather/atlantic-ocean-5-active-tropical-cyclones/index.html"
,,2° Minimo gelo marinho,Artico,,https://www.carbonbrief.org/arctic-sea-ice-shrinks-to-second-lowest-summer-minimum-on-record
1/9/2020,30/09/2020,Setembro mais quente da história e menor gelo no Ártico,Mundo,Alguns apontam para a Niña,"https://climate.copernicus.eu/surface-air-temperature-september-2020
https://climate.copernicus.eu/september-brings-record-breaking-warm-temperatures-and-low-sea-ice
https://www.climate.gov/news-features/features/september-2020-another-record-setting-month-global-heat"
1/9/2020,30/09/2020,America do Sul com 2º setembro mais quente,America do Sul,,https://www.ncei.noaa.gov/news/global-climate-202009?fbclid=IwAR31AwGNG1efx0fwqKNWnCwfgMYl5HOX2o91lp6qg5vZQqOFTByGkoV4Qs4
1/9/2020,30/09/2020,Balanço INMET para SP,São Paulo,,https://portal.inmet.gov.br/noticias/s%C3%A3o-paulo-capital-balan%C3%A7o-das-condi%C3%A7%C3%B5es-de-tempo-no-m%C3%AAs-de-setembro-de-2020
Publicado em 12/09,,A temporada de furacões de 2020 esgota lista regular de nomes,Atlantico Norte,Aguas quentes atlantico e La Niña,https://public.wmo.int/en/media/news/2020-hurricane-season-exhausts-regular-list-of-names
1/9/2020,30/09/2020,Anomalias de temperatura e precipitação significativos,Paraná,Frentes frias desviaram para o oceano antes de passar pelo estado,http://www.simepar.br/prognozweb/simepar/post/22846
setembro,metade do mês,Onda de calor,Brasil,Massa de ar qunte e seco muito intensa,"https://www.climatempo.com.br/noticia/2020/09/29/outubro-de-2020-comeca-com-forte-onda-de-calor-no-brasil-5947#:~:text=As%20temperaturas%20v%C3%A3o%20continuar%20em,por%20v%C3%A1rias%20regi%C3%B5es%20do%20pa%C3%ADs.&text=O%20calor%20extremo%20ainda%20promete,os%20dias%208%20e%209."
2/10/2020,2/10/2020,Segunda maior temperatura da história de Santa Catarina,Jaraguá SC,Massa de ar qunte e seco muito intensa,https://www.nsctotal.com.br/colunistas/puchalski/jaragua-do-sul-segunda-maior-temperatura-da-historia-de-sc-outubro-2020
6/10/2020,6/10/2020,Recorde de temperatura,Goiânia,Massa de ar qunte e seco muito intensa,https://g1.globo.com/go/goias/noticia/2020/10/06/goiania-registra-411c-e-tem-o-dia-mais-quente-dos-ultimos-83-anos-diz-inmet.ghtml
6/10/2020,6/10/2020,Recorde de temperatura,Cuiabá,Massa de ar qunte e seco muito intensa,https://g1.globo.com/ms/mato-grosso-do-sul/noticia/2020/10/05/calor-atinge-os-41c-e-campo-grande-bate-mais-um-recorde-historico.ghtml
7/10/2020,7/10/2020,Recorde de temperatura,Belo Horizonte,Massa de ar qunte e seco muito intensa; frentes frias não atuado,https://www.otempo.com.br/cidades/belo-horizonte-bate-novo-recorde-e-tem-dia-mais-quente-da-historia-com-38-4-c-1.2395888
Publicado em 08/10/2020,,RECORDE HISTÓRICO DE TEMPERATURA,MS e SP,,https://portal.inmet.gov.br/noticias/recorde-hist%C3%B3rico-de-temperatura-nos-estados-do-mato-grosso-do-sul-e-s%C3%A3o-paulo
início da segunda quinzena de outubro,,Temporais,SP,,https://www.climatempo.com.br/noticia/2020/10/26/sao-paulo-ja-tem-outubro-mais-chuvoso-desde-2009-6309
25/10/2020,27/10/2020,Ciclone subtropical Mani,Litoral sudeste,,"https://portal.inmet.gov.br/noticias/tempestade-subtropical-mani-causou-chuva-no-estado-do-esp%C3%ADrito-santo-neste-fim-de-semana
https://metsul.com/ciclone-subtropical-atinge-o-sudeste-do-brasil/
https://metsul.com/ciclone-no-sudeste-tempestade-subtropical-mani-se-forma/
https://portal.inmet.gov.br/noticias/atualiza%C3%A7%C3%A3o-nota-%C3%A0-imprensa-ciclone-extratropical-no-litoral-do-rio-de-janeiro-esp%C3%ADrito-santo-e-ao-sul-da-bahia-foi-rebaixado-%C3%A0-categoria-de-depress%C3%A3o-subtropical"
Publicado em 26/10/2020,,Estiagem,América do Sul,,"https://earthobservatory.nasa.gov/images/147480/severe-drought-in-south-america#:~:text=Large%20parts%20of%20South%20America,and%20northern%20Argentina%20by%202020."
2/11/2020,2/11/2020,Geada,Santa Catarina,,https://g1.globo.com/sc/santa-catarina/noticia/2020/11/02/serra-de-sc-registra-geada-e-temperaturas-abaixo-de-5c-no-feriado-de-finados-fotos.ghtml
3/11/2020,3/11/2020,GRANIZO HISTÓRICO EM CURITIBA E TEMPORAIS NO SUL DO BRASIL,"Leste do Rio Grande do Sul, Santa Catarina e o Paraná",,https://metsul.com/granizo-historico-em-curitiba-e-temporais-no-sul-do-brasil/?fbclid=IwAR0BRCHqmg-lXlkeLj57__WQ3SsYMcA1Lva4jJjIWRvaDMnYz7pRBNyhhYY
4/11/2020,6/11/2020,Geadas,Santa Catarina,,https://www.nsctotal.com.br/colunistas/puchalski/o-la-nina-tambem-influencia-a-temperatura-nesta-primavera?fbclid=IwAR1-hXJgoVsjxrNY-ffawkj4up5vjbOvzeTIlPtfzIyaMT6uoJQb-laGpXs
12/11/2020,13/11/2020,Ciclone Tropical Bhola: mais mortal da história,Bangladesh,,https://public.wmo.int/en/our-mandate/focus-areas/natural-hazards-and-disaster-risk-reduction/tropical-cyclones/40th_anniversary
16/11/2020,16/11/2020,Granizo,Campos de Cima da Serra - RS,,https://metsul.com/granizo-deixa-paisagem-nos-aparados-da-serra/?fbclid=IwAR1PIVoq0Z5bzKLVS6GLy4-paEig2st28brtTDL-KTTh2B-d5ZKuBjGqBKE
20/11/2020,20/11/2020,Geadas,Planalto Sul Catarinense,,https://metsul.com/previsao-do-tempo-frio-e-geada-no-sul-do-brasil/?fbclid=IwAR05u4xi_FZPpoaDfiWaVoxvzz5d4j69-6XMoz-uOgQy0AykiMsLDPEaiN8
16/11/2020,21/11/2020,Temporais e alagamentos,São Paulo,Frente fria e sistema de baixa pressão,https://www.tempo.com/noticias/actualidade/tempestades-severas-causam-alagamentos-em-sao-paulo.html?fbclid=IwAR3jFLdUQwsBVdq9Y8sHOmSUaQHfEkOvl3_c3MaRBq6yBVoIGKau2GtMQjw
20-Jun,30/11/2020,Balanço da temporada de furacões,Atlântico Norte,,https://www.noaa.gov/media-release/record-breaking-atlantic-hurricane-season-draws-to-end?fbclid=IwAR3Haf3YmfQ0UqfytQhF91OzLj3J84hpHmF7b0obuK1tCaFO9DUdMLGoOyU
Publicado em 07/11/2020,,Fim dos incëndios,Pantanal,Periodo prolongado de secas + acao humana (sendo investigada) deram inicio aos incëndios. O atraso do inicio da estacao chuvosa favorece focos isolados de incendios,"https://veja.abril.com.br/brasil/chuvas-de-novembro-dao-alento-ao-pantanal-e-turismo-volta-com-forca/
https://www.bbc.com/portuguese/internacional-54848995"
Publicado em 26/11/2020,,Intensificacao da seca,Sul do Brasil,La Nina,http://www.cemaden.gov.br/intensificacao-de-seca-em-varias-regioes-brasileiras-e-situacao-critica-em-reservatorios-da-regiao-sul-sao-apontados-em-boletim-do-cemaden/
18/11/2020,-,111 anos do INMET,Brasil,-,https://portal.inmet.gov.br/noticias/inmet-comemora-111-anos
Publicado ao longo de novembro/2020,,crise hídrica,oeste do Paraná,estiagem,"Publicado em 04/11: http://www.aen.pr.gov.br/modules/noticias/article.php?storyid=109509&tit=Governador-pede-apoio-da-Uniao-contra-crise-hidrica
Publicado em 05/11: http://www.aen.pr.gov.br/modules/noticias/article.php?storyid=109510&tit=Copel-alerta-sobre-incendios-em-areas-de-preservacao-de-Usinas
Publicado em 26/11: http://www.aen.pr.gov.br/modules/noticias/article.php?storyid=109854&tit=Sanepar-adota-rodizio-em-nove-cidades-do-Oeste-e-Sudoeste"
1/8/2020,ainda nao terminou,Estiagem,Sul,La Niña? (anomalias de precipitação foram observadas anteriores à Niña),"https://www.noticiasagricolas.com.br/noticias/soja/274647-rs-e-sc-sao-estados-com-situacao-mais-severa-para-seca-na-soja-chuvas-ainda-pontuais-e-insuficientes.html

https://gauchazh.clicrbs.com.br/geral/noticia/2020/12/mais-13-cidades-tem-situacao-de-emergencia-homologada-devido-a-estiagem-no-rs-ckipvptvr000g017w9b1qarmi.html"
1/1/2020,31/12/2020,State of the Global Climate 2020 (preliminar),Todo o Globo,-,https://library.wmo.int/doc_num.php?explnum_id=10444
1/1/2020,31/12/2020,Boletim climático de 2020 da China,China,-,https://public.wmo.int/en/media/news-from-members/2020-china-climate-bulletin-above-normal-temperature-and-precipitation-china
Lançado em 01/11/2020,,Boletim de gases de efeito estufa da OMM,Todo o Globo,-,https://library.wmo.int/doc_num.php?explnum_id=10437
1/1/2020,31/12/2020,2020 STATE OF CLIMATE SERVICES,Todo o Globo,-,https://library.wmo.int/doc_num.php?explnum_id=10385
1/1/2020,31/12/2020,Clima Australia 2020,Austrália,-,http://www.bom.gov.au/climate/current/annual/aus/
1/1/2020,31/12/2020,Maior temperatura em 110 anos,Porto Alegre,-,https://www.climatempo.com.br/noticia/2020/01/01/porto-alegre-registra-maior-temperatura-em-dezembro-em-110-anos-1058
1/1/2020,31/12/2020,Casos significativos: tabelas CPTEC,Brasil,-,https://www.cptec.inpe.br/noticias/noticia/130882
1/1/2021,31/01/2021,Balanço das condições climáticas,capitais do NE,-,"https://portal.inmet.gov.br/uploads/notastecnicas/balan%C3%A7o_capitais_nordeste_janeiro_2021.pdf#page=1&zoom=auto,-100,848"
1/1/2021,31/12/2021,Casos significativos: tabelas CPTEC,Brasil,-,https://www.cptec.inpe.br/noticias/noticia/130882
2/1/2021,2/1/2021,Geada,RS e SC,,"https://www.cnnbrasil.com.br/nacional/2021/01/02/em-pleno-verao-temperatura-chega-a-5c-no-rio-grande-do-sul-e-sc-tem-geada
https://g1.globo.com/sc/santa-catarina/noticia/2021/01/02/primeiro-fim-de-semana-de-2021-em-sc-tem-geada-e-calor-acima-dos-30oc-fotos.ghtml
https://gauchazh.clicrbs.com.br/geral/noticia/2021/01/chuva-de-granizo-e-geada-em-pleno-verao-marcam-entrada-do-ano-na-serra-de-sc-ckjhjrbom002y01hs8j6xbccj.html"
2/1/2021,2/1/2021,Granizo,Bom Jardim da Serra,,"https://www.nsctotal.com.br/noticias/chuva-com-queda-granizo-atinge-cidade-da-serra-de-sc-veja-imagens
https://g1.globo.com/sc/santa-catarina/noticia/2020/11/12/serra-catarinense-registra-chuva-de-granizo-nesta-quinta-feira.ghtml"
meados de fevereiro,,Onda de frio extrema,EUA e Europa,Sudden Stratospheric Warming,"https://public.wmo.int/en/media/news/extreme-weather-hits-usa-europe?fbclid=IwAR1nDq5YxQe0KUe8EeZtR2i-bLZJOFD2cIRyzzQZYRe3ggvkvQGc0QHkAak
https://earthobservatory.nasa.gov/images/147941/extreme-winter-weather-causes-us-blackouts"
18/02/2020,,Poeira do Sahara chega à Europa,,,"https://earthobservatory.nasa.gov/images/147952/saharan-dust-heading-for-europe
https://www.forbes.com/sites/marshallshepherd/2021/02/06/why-is-saharan-dust-over-europe-right-now/?sh=3eede14051a0
https://public.wmo.int/en/media/news/sand-and-dust-storm-hits-europe
https://www.bbc.com/news/av/world-europe-55966867
https://atmosphere.copernicus.eu/saharan-dust-colours-skies-snow"
1/2/2021,28/02/2021,Balanço da chuva de fevereiro de 2021 nas capitais brasileiras,,,https://www.climatempo.com.br/noticia/2021/03/03/balanco-da-chuva-de-fevereiro-de-2021-nas-capitais-brasileiras-8363
1/2/2021,28/02/2021,Mês mais chuvoso desde 1910,BH,,https://www.climatempo.com.br/noticia/2021/03/02/bh-teve-o-terceiro-fevereiro-mais-chuvoso-desde-1910-8340
28/02/2021,28/02/2021,Lançamento do satélite Amazonia 1,Lançamento: Índia,-,"http://www.inpe.br/amazonia1/
http://www.inpe.br/noticias/noticia.php?Cod_Noticia=5715&utm_source=dlvr.it&utm_medium=facebook"
1/1/2020,31/12/2020,Casos significativos: tabelas CPTEC,Brasil,-,https://www.cptec.inpe.br/noticias/noticia/130882
1/12/2020,31/03/2021,Boletim NOAA,Mundial,,https://www.ncei.noaa.gov/news/global-climate-202102